item_id,net_ytd
24331,137
24334,184
24335,67
24336,1149
24337,21
24338,19
24340,79
24347,75
24349,144
24350,98
24352,82
24353,6
24354,104
24355,167
24358,312
24360,45
24361,29
24365,145
24367,55
24368,233
24369,311
24371,180
24374,1409
24376,155
24377,683
24379,59
24380,556
24382,541
24384,106
24387,32
24388,25
24389,270
24391,18
24394,49
24395,5
24397,210
24398,127
24399,441
24402,17
24406,2088
24409,3679
24410,1920
24411,843
24412,511
24413,280
24415,13
24417,27
24428,174
24429,107
24430,252
24432,6
24433,26
24434,2
24435,95
24437,1759
24438,7
24439,97
24440,12
24442,1337
24443,1542
24444,13
24445,169
24447,54
24449,21
24450,223
24451,317
24452,341
24453,165
24454,62
24458,33
24459,30
24462,46
24465,2033
24466,442
24467,313
24468,196
24469,325
24470,58
24474,308
24475,45
24477,300
24478,170
24479,78
24481,11
24487,213
24489,67
24490,24
24492,204
24493,46
24494,25
24496,56
24498,92
24499,13
24502,56
24503,87
24504,130
24505,366
24507,245
24508,103
24509,61
24510,311
24512,38
24513,47
24514,33
24515,15
24517,250
24518,299
24520,593
24521,254
24524,7
24528,21
24537,42
24540,55
24542,4
24543,5
24545,31
24546,35
24549,12
24550,20
24552,578
24553,357
24555,130
24561,311
24564,61
24568,373
24575,16
24577,94
24578,14
24582,33
24585,42
24587,40
24588,25
24589,249
24594,1024
24595,123
24602,24
24606,51
24614,147
24619,97
24620,129
24621,475
24624,85
24625,47
24626,33
24627,157
24629,40
24631,40
24632,20
24633,6
24634,4
24641,228
24644,750
24646,6
24647,8
24650,53
24651,28
24653,52
24654,30
24655,285
24662,4
24674,19
24675,21
24678,691
24680,39
24682,271
24685,53
24692,88
24693,358
24702,182
24704,37
24705,27
24709,28
24710,11
24714,45
24715,1356
24716,8
24717,19
24718,12
24720,74
24723,1159
24724,26
24725,93
24727,24
24731,27
24733,142
24736,11
24739,59
24740,155
24742,26
24745,91
24746,305
24747,310
24749,87
24753,79
24754,80
24755,35
24757,47
24758,38
24759,223
24760,186
24761,23
24762,101
24768,71
24769,23
24772,116
24773,527
24774,80
24775,9
24776,8
24778,111
24779,61
24784,96
24786,21
24787,139
24789,83
24794,138
24796,27
24797,15
24798,11
24800,89
24801,176
24804,42
24805,170
24806,258
24810,68
24811,40
24834,49
24839,150
24840,37
24856,298
24857,33
24858,178
24881,40
24883,57
24884,81
24895,50
24900,8
24916,79
24923,105
24925,87
24938,28
24940,30
24942,130
24944,34
24949,53
24951,25
24952,27
24953,58
24954,127
24955,63
24957,376
24961,6
24964,16
24967,5
24968,28
24969,33
24971,125
24972,32
24975,72
24977,65
24979,7
24987,396
24989,27
24990,16
24992,77
24993,96
24996,170
24999,19
25000,130
25001,19
25002,377
25003,62
25007,158
25010,32
25014,45
25016,18
25018,21
25019,9
25022,47
25024,17
25027,124
25028,5
25030,57
25031,13
25032,13
25035,223
25036,13
25042,146
25046,32
25050,13
25057,59
25063,4
25074,101
25075,240
25079,27
25087,4
25089,9
25090,82
25091,180
25092,17
25095,294
25100,168
25101,457
25102,115
25103,177
25104,2
25106,49
25107,19
25108,192
25109,402
25112,67
25113,125
25115,15
25117,27
25118,19
25123,7
25125,31
25126,13
25130,20
25134,467
25135,121
25137,80
25160,33
25161,25
25162,67
25163,113
25167,57
25168,30
25173,28
25176,1622
25180,68
25182,260
25183,28
25186,25
25187,50
25188,51
25189,181
25197,16
25200,19
25201,73
25202,15
25204,52
25206,56
25211,204
25215,69
25216,37
25217,51
25218,348
25219,36
25220,110
25223,20
25228,74
25231,53
25234,39
25236,2
25239,111
25240,104
25246,163
25247,388
25248,160
25249,6
25254,10
25258,100
25259,90
25261,389
25262,178
25263,228
25264,22
25269,228
25272,5
25273,31
25276,3
25280,50
25281,51
25282,11
25284,69
25285,1
25290,16
25292,37
25293,11
25295,3
25296,28
25297,25
25298,8
25303,60
25308,4
25310,119
25316,29
25317,5
25321,2
25325,61
25334,4
25340,45
25343,27
25344,28
25348,50
25352,13
25354,360
25355,10
25356,19
25359,12
25360,14
25361,147
25362,166
25364,733
25365,27
25369,41
25377,104
25378,48
25380,16
25381,148
25385,301
25386,507
25390,157
25393,47
25394,174
25395,27
25398,648
25399,1117
25400,113
25401,211
25402,106
25403,479
25405,442
25406,151
25408,50
25410,565
25412,40
25415,133
25416,7
25417,52
25419,101
25422,190
25428,163
25431,429
25435,35
25436,65
25438,1604
25439,82
25446,24
25448,74
25452,69
25454,170
25455,1086
25456,228
25457,208
25458,1
25459,35
25461,68
25462,80
25463,25
25464,44
25465,47
25466,119
25468,11
25469,13
25471,65
25472,269
25473,1436
25474,721
25475,571
25476,84
25477,211
25478,2
25481,71
25482,40
25485,136
25486,69
25487,21
25488,40
25489,558
25490,2055
25491,122
25494,79
25495,74
25496,93
25497,14
25498,16
25502,35
25504,674
25507,56
25509,235
25510,169
25511,3093
25513,79
25516,63
25521,482
25522,12
25524,303
25526,77
25529,844
25532,79
25533,66
25535,43
25540,375
25541,125
25543,348
25544,358
25545,307
25547,30
25551,198
25552,39
25556,19
25557,4
25560,33
25561,5
25571,53
25574,82
25577,456
25580,358
25584,231
25585,69
25593,79
25598,41
25599,119
25600,80
25601,61
25602,8
25608,25
25611,11
25612,2
25613,7
25615,55
25626,40
25636,25
25637,81
25638,6
25640,55
25641,70
25642,36
25645,173
25646,43
25649,75
25650,53
25654,207
25656,128
25657,28
25659,570
25661,59
25662,54
25664,189
25665,21
25666,2089
25667,3
25668,38
25669,119
25672,82
25674,20
25675,8
25677,257
25685,16
25687,60
25689,88
25690,82
25695,48
25699,918
25701,12
25702,20
25708,47
25715,317
25718,291
25720,22
25727,115
25728,547
25729,28
25731,53
25732,48
25733,57
25737,194
25743,32
25744,51
25752,153
25754,72
25759,51
25760,20
25762,43
25763,124
25765,60
25766,349
25769,24
25773,35
25774,49
25776,45
25779,173
25784,111
25786,35
25788,12
25789,166
25794,43
25798,195
25802,149
25809,72
25812,12
25816,15
25818,49
25821,77
25823,227
25824,14
25828,9
25831,48
25851,59
25860,12
25861,20
25862,52
25883,164
25884,15
25890,111
25892,55
25909,87
25912,3
25914,19
25937,124
25940,241
25941,194
25943,2
25944,130
25948,504
25955,36
25957,13
25958,41
25962,166
25964,14
25965,20
25967,19
25970,74
25977,66
25980,88
25983,23
25984,140
25985,41
25988,308
25989,34
25990,9
25993,374
25996,13
25997,1
26004,61
26013,102
26028,18
26031,27
26032,19
26036,28
26038,37
26040,72
26044,17
26045,45
26047,82
26048,32
26049,29
26051,81
26052,121
26054,155
26058,110
26059,16
26060,35
26061,72
26065,32
26069,10
26086,216
26087,9
26088,27
26089,16
26091,19
26094,23
26096,21
26097,54
26100,43
26107,23
26119,20
26120,3
26122,6
26124,10
26126,23
26128,36
26129,18
26130,17
26132,10
26133,1
26137,29
26138,22
26141,7
26142,82
26143,47
26144,1
26147,23
26154,5
26155,19
26156,442
26164,82
26166,236
26177,7
26180,21
26181,17
26184,67
26185,20
26188,69
26196,23
26197,2
26200,83
26201,80
26203,1308
26204,240
26205,149
26206,27
26211,133
26215,31
26218,123
26237,68
26241,28
26242,13
26243,52
26244,80
26245,6
26246,9
26247,48
26252,44
26253,45
26254,86
26255,334
26257,249
26258,914
26259,39
26260,41
26261,147
26263,158
26264,192
26265,115
26267,63
26268,2
26269,40
26270,178
26272,56
26273,132
26276,86
26277,159
26279,70
26282,226
26284,22
26287,31
26288,11
26290,19
26294,46
26295,3
26296,3
26299,68
26300,306
26304,9
26305,28
26307,72
26308,4
26309,4
26310,41
26311,121
26312,21
26315,37
26318,161
26319,224
26336,24
26337,78
26339,9
26340,186
26343,2
26347,22
26352,38
26354,269
26357,180
26362,1
26366,192
26368,75
26369,86
26370,90
26371,39
26372,21
26376,42
26382,441
26383,79
26385,42
26387,97
26389,141
26391,159
26392,5
26393,298
26394,264
26396,464
26397,56
26398,63
26399,124
26401,10
26402,116
26403,12
26404,105
26409,704
26410,132
26412,382
26415,258
26417,177
26418,113
26419,196
26421,20
26426,73
26428,78
26430,192
26431,220
26436,86
26437,335
26440,10
26441,6159
26442,23
26443,9
26444,49
26445,85
26447,18
26450,36
26458,23
26460,52
26463,36
26464,104
26465,40
26466,7
26468,3
26469,125
26471,76
26472,672
26473,455
26474,5
26475,26
26477,146
26478,111
26479,26
26484,110
26485,70
26488,310
26489,1538
26490,3058
26491,324
26492,308
26493,127
26495,234
26500,111
26504,664
26505,336
26506,565
26507,261
26509,74
26512,169
26514,203
26515,172
26516,17
26522,67
26523,104
26525,23
26526,107
26527,127
26528,63
26529,35
26533,63
26535,14
26537,66
26539,529
26540,342
26541,479
26542,1693
26543,687
26545,30
26546,204
26547,600
26548,249
26549,51
26554,57
26556,59
26560,5
26561,9
26563,271
26567,69
26569,59
26570,42
26571,12
26572,17
26573,17
26574,7
26578,350
26586,13
26590,65
26596,199
26599,20
26600,53
26603,35
26604,58
26606,86
26607,21
26609,199
26611,21
26613,5
26615,471
26618,149
26620,58
26622,74
26623,90
26625,13
26629,155
26630,381
26631,50
26634,39
26637,53
26638,18
26639,80
26643,180
26644,66
26651,39
26657,15
26658,67
26662,105
26663,51
26664,18
26665,23
26668,15
26670,100
26673,377
26674,1049
26675,368
26676,603
26677,431
26678,499
26679,22
26681,9
26682,8
26684,59
26686,246
26689,48
26701,186
26702,30
26711,77
26713,179
26726,66
26727,3
26728,414
26731,91
26732,140
26733,518
26736,23
26741,70
26742,23
26744,97
26745,103
26746,215
26750,13
26751,126
26752,68
26753,98
26757,14
26758,32
26763,2
26764,22
26765,46
26766,1041
26768,13
26769,785
26770,325
26772,50
26775,181
26776,131
26777,243
26778,23
26780,1435
26784,47
26788,72
26789,71
26790,361
26791,111
26794,45
26795,146
26798,47
26802,66
26803,42
26805,8
26807,90
26808,101
26811,183
26813,11
26815,91
26818,51
26819,29
26821,15
26825,86
26828,48
26829,73
26830,68
26832,100
26835,26
26836,65
26837,387
26838,1304
26839,35
26840,8
26843,13
26855,16
26879,75
26899,177
26905,33
26909,142
26930,9
26948,36
26949,60
26950,67
26954,24
26962,19
26970,65
26972,29
26973,27
26978,64
26980,88
26981,566
26982,138
26989,38
26992,56
27000,154
27003,78
27013,39
27021,31
27027,13
27029,13
27031,126
27033,202
27037,185
27038,150
27040,103
27041,56
27044,91
27046,63
27048,69
27049,10
27052,144
27053,248
27055,21
27056,8
27059,96
27060,97
27069,132
27070,10
27071,22
27072,13
27074,3
27075,3
27078,39
27093,56
27095,1231
27098,56
27099,121
27101,42
27106,141
27107,2
27123,19
27124,111
27128,206
27130,114
27134,105
27135,12
27141,41
27142,3
27143,21
27144,31
27147,28
27148,247
27149,25
27152,13
27153,58
27154,46
27155,33
27159,90
27162,20
27163,21
27166,264
27167,120
27169,207
27171,30
27182,267
27183,355
27187,9
27205,38
27206,38
27208,1989
27209,54
27212,35
27221,36
27224,68
27228,26
27229,184
27230,43
27232,9
27234,125
27235,47
27236,3
27237,13
27238,6
27241,98
27242,28
27243,70
27244,77
27246,18
27247,69
27248,38
27250,133
27251,37
27256,34
27257,308
27258,215
27259,40
27262,17
27264,92
27265,52
27266,40
27267,43
27268,30
27272,18
27273,175
27274,158
27275,571
27277,3
27278,1011
27281,4
27283,8
27284,223
27288,33
27289,151
27290,235
27295,17
27296,92
27304,26
27305,13
27314,31
27317,5
27318,6
27319,80
27320,129
27321,170
27322,4
27324,6
27325,19
27332,3
27343,30
27344,337
27347,38
27348,28
27349,43
27351,20
27353,68
27354,1
27360,3
27361,6
27365,28
27371,26
27372,81
27373,30
27377,102
27389,224
27391,36
27392,46
27393,7
27395,102
27396,11
27397,25
27403,697
27404,947
27406,36
27407,43
27408,215
27409,29
27410,17
27417,7
27418,58
27421,26
27423,457
27424,164
27425,2281
27427,35
27432,56
27436,33
27440,18
27441,32
27443,39
27445,741
27446,6
27447,30
27448,28
27449,143
27450,61
27453,8
27454,19
27458,1163
27459,228
27460,692
27462,2485
27464,132
27465,166
27466,433
27468,146
27470,192
27471,292
27472,132
27475,58
27476,46
27477,72
27478,127
27482,107
27483,181
27485,82
27490,17
27491,468
27492,70
27493,12311
27494,89
27495,79
27497,288
27498,411
27499,537
27500,35
27501,24
27511,49
27512,36
27515,118
27516,81
27517,39
27519,94
27520,7
27522,85
27523,27
27524,1313
27525,1097
27526,43
27529,137
27533,172
27534,65
27539,25
27541,158
27542,378
27543,303
27546,73
27551,61
27553,94
27556,32
27557,27
27558,387
27559,165
27560,40
27562,107
27563,117
27564,924
27566,13
27567,19
27568,53
27569,95
27570,25
27578,246
27580,30
27581,20
27582,13
27586,58
27587,716
27588,30
27589,67
27591,22
27593,189
27595,2
27596,436
27597,151
27598,78
27599,32
27604,83
27608,18
27609,884
27614,89
27615,3
27618,35
27621,18
27626,25
27635,32
27637,114
27641,728
27646,143
27650,74
27651,26
27652,99
27653,24
27654,16
27655,110
27659,21
27663,43
27664,251
27665,521
27666,131
27672,1179
27674,20
27675,243
27676,48
27678,39
27680,22
27681,52
27693,28
27697,37
27698,61
27702,21
27705,112
27706,114
27707,199
27709,372
27710,122
27711,32
27712,14
27717,33
27719,145
27720,44
27722,307
27725,161
27726,192
27730,168
27731,273
27732,13
27734,73
27736,337
27740,10
27744,3
27746,93
27751,156
27757,15
27759,92
27764,63
27768,35
27769,169
27770,8
27771,265
27776,68
27779,441
27781,55
27783,838
27794,60
27799,608
27800,2863
27801,21
27806,70
27807,15
27808,60
27809,118
27810,15
27811,8
27814,23
27816,8
27817,19
27818,44
27820,740
27823,9
27826,143
27827,39
27836,37
27837,85
27838,430
27840,56
27843,332
27847,26
27848,375
27849,108
27852,102
27853,98
27854,61
27855,29
27859,243
27864,77
27865,299
27872,75
27876,43
27877,71
27878,87
27879,31
27880,31
27881,67
27887,110
27889,61
27890,112
27891,79
27892,215
27893,175
27898,196
27910,159
27929,152
27957,8
27984,4
27986,22
27988,59
28001,90
28007,217
28008,65
28015,193
28020,722
28027,124
28037,2
28040,40
28043,66
28045,42
28046,26
28048,9
28056,71
28059,25
28060,379
28062,79
28064,53
28066,77
28068,49
28069,484
28073,676
28078,10
28079,14
28084,5
28085,7
28087,17
28089,23
28092,94
28093,493
28094,32
28095,74
28096,14
28097,1
28105,706
28106,33
28108,8
28113,27
28114,392
28119,40
28120,208
28121,128
28130,470
28131,72
28137,228
28141,76
28144,21
28147,4
28148,3
28149,59
28152,62
28156,42
28159,14
28167,66
28168,62
28169,48
28170,82
28175,45
28181,290
28189,3
28191,17
28196,223
28199,101
28205,1
28210,117
28211,305
28212,171
28214,45
28216,9
28217,39
28218,102
28219,10
28220,28
28221,40
28225,13
28227,97
28229,150
28239,12
28250,28
28255,29
28261,1
28262,263
28263,6
28264,96
28269,126
28271,137
28275,4091
28276,8
28278,17
28284,210
28291,31
28293,106
28294,216
28295,3
28296,118
28297,148
28298,56
28301,94
28303,289
28304,66
28306,89
28308,85
28309,64
28310,30
28312,33
28318,50
28319,74
28320,5
28321,4
28322,60
28323,29
28324,24
28327,5
28328,80
28329,81
28332,183
28335,27
28336,85
28341,9
28343,56
28344,33
28346,116
28347,20
28352,7
28354,117
28356,95
28357,2
28358,12
28361,55
28362,38
28367,6
28371,586
28376,40
28377,8
28378,24
28379,21
28383,61
28387,4
28389,20
28391,34
28393,62
28394,79
28395,166
28396,59
28397,35
28400,9
28410,56
28412,92
28414,4
28416,74
28418,13
28419,26
28420,96
28421,102
28422,69
28423,50
28424,102
28427,23
28429,38
28430,232
28431,271
28432,400
28433,158
28434,146
28435,175
28436,326
28437,82
28438,79
28443,112
28444,72
28445,91
28446,149
28447,49
28448,7
28450,222
28454,29
28456,1358
28457,357
28458,685
28462,189
28465,146
28467,236
28468,197
28470,24
28471,20
28472,61
28473,116
28475,1
28476,74
28477,162
28479,21
28483,902
28484,460
28486,21
28489,69
28493,100
28495,688
28499,4015
28500,361
28501,154
28502,125
28503,8
28504,214
28506,32
28507,76
28509,115
28510,259
28511,104
28512,112
28513,74
28515,45
28519,202
28520,87
28521,97
28522,3
28524,114
28525,52
28529,87
28530,158
28532,141
28533,19
28534,206
28535,203
28537,24
28538,203
28539,170
28543,31
28544,22
28546,57
28548,99
28553,260
28554,23
28555,280
28557,290
28559,740
28560,859
28561,495
28562,872
28563,5
28564,115
28567,6
28573,123
28574,206
28575,958
28577,21
28579,87
28581,31
28583,32
28592,18
28599,39
28600,17
28603,149
28608,1266
28616,15
28618,109
28620,39
28624,21
28633,620
28634,139
28635,143
28636,774
28638,37
28639,18
28640,115
28641,13
28644,236
28646,12
28650,117
28657,129
28658,40
28660,103
28662,90
28664,202
28667,97
28668,158
28669,7
28675,128
28676,84
28678,172
28679,157
28680,67
28683,179
28687,35
28688,1106
28690,272
28691,132
28694,11
28696,9
28698,244
28707,24
28709,7
28717,65
28722,26
28729,88
28735,127
28739,12
28740,72
28752,167
28754,382
28755,108
28756,548
28757,29
28759,51
28761,26
28766,108
28767,76
28770,133
28773,14
28781,15
28785,72
28787,6
28790,44
28791,211
28797,16
28799,78
28801,267
28802,173
28804,511
28805,11
28807,51
28808,87
28810,120
28811,227
28814,43
28815,70
28816,58
28818,75
28822,22
28824,62
28825,84
28826,7
28827,109
28831,63
28832,30
28833,43
28835,25
28838,8
28844,96
28846,71
28847,191
28852,155
28855,316
28857,4
28862,370
28865,103
28866,455
28885,18
28909,47
28920,276
28921,197
28922,34
28923,28
28928,46
28930,145
28937,102
28939,75
28946,140
28961,370
28962,9
28964,1
28970,8
28977,158
28979,31
28984,10
28988,40
28991,36
28992,121
28994,4
28995,22
28999,155
29000,61
29005,234
29007,16
29009,317
29014,13
29025,75
29026,28
29027,55
29029,19
29033,12
29035,16
29038,52
29042,115
29043,14
29044,78
29045,39
29046,81
29048,23
29050,21
29052,453
29053,274
29059,27
29060,238
29062,29
29063,256
29073,18
29074,31
29075,94
29080,5
29082,24
29085,966
29089,50
29090,390
29091,65
29092,41
29097,40
29101,130
29111,20
29113,2
29123,22
29124,73
29125,84
29134,20
29135,28
29136,138
29140,88
29144,16
29145,766
29147,3
29148,11
29150,36
29151,560
29153,41
29154,52
29155,46
29156,42
29157,278
29158,12
29159,15
29160,27
29161,1306
29163,30
29164,15
29167,69
29169,27
29175,20
29177,19
29179,41
29188,28
29193,221
29194,358
29195,7
29203,32
29206,32
29209,92
29213,262
29214,31
29218,171
29222,84
29225,358
29228,227
29229,225
29230,14
29238,49
29244,10
29245,317
29258,31
29259,45
29260,19
29261,49
29262,12
29263,37
29266,49
29268,71
29272,16
29274,63
29275,100
29276,196
29277,79
29278,33
29282,233
29284,30
29285,15
29286,70
29287,354
29288,40
29289,30
29290,159
29292,35
29295,75
29300,14
29301,20
29302,75
29303,208
29305,23
29310,76
29311,8
29313,77
29317,11
29318,73
29319,3
29320,93
29321,127
29322,10
29323,71
29326,13
29327,47
29328,33
29337,35
29338,11
29340,3
29341,20
29342,116
29347,12
29353,60
29356,24
29357,64
29358,24
29361,140
29363,28
29366,48
29372,35
29373,1
29374,33
29379,58
29381,5
29382,3
29383,59
29384,13
29385,55
29386,20
29392,40
29395,34
29397,1
29398,6
29401,198
29402,36
29403,9
29404,11
29410,62
29413,22
29414,120
29416,70
29420,40
29423,20
29425,39
29426,70
29428,54
29429,220
29431,93
29434,92
29435,277
29436,92
29437,39
29442,66
29446,259
29447,359
29449,71
29450,304
29451,234
29452,356
29453,56
29454,146
29461,68
29462,112
29463,39
29464,61
29467,76
29468,201
29469,200
29471,794
29472,72
29473,78
29476,88
29477,232
29483,145
29484,167
29486,15
29487,37
29494,891
29495,205
29499,66
29501,115
29502,2
29503,25
29507,3
29509,358
29510,567
29512,165
29513,19
29514,18
29515,30
29516,342
29518,268
29519,107
29522,31
29524,141
29526,92
29529,61
29532,21
29533,544
29534,117
29537,174
29538,218
29545,23
29548,451
29552,47
29554,350
29555,8
29556,864
29557,193
29561,186
29563,397
29566,48
29567,22
29568,17
29569,17
29570,880
29571,11
29572,23
29574,154
29578,18
29580,24
29582,62
29591,29
29592,9
29595,24
29599,163
29600,21
29601,29
29606,38
29610,81
29611,64
29612,67
29614,179
29615,44
29618,403
29622,229
29623,159
29627,12
29628,25
29631,27
29632,35
29639,57
29644,190
29645,23
29646,59
29648,15
29650,11
29651,80
29655,265
29656,25
29657,203
29658,400
29664,35
29667,51
29669,84
29671,343
29674,46
29677,70
29679,471
29681,467
29684,10
29687,12
29690,3
29691,114
29695,526
29697,436
29698,32
29699,26
29700,68
29701,328
29702,16
29704,6
29705,68
29707,16
29708,299
29710,274
29712,64
29714,9
29715,222
29716,197
29717,106
29722,95
29727,140
29729,160
29730,10
29735,21
29742,34
29743,27
29751,32
29753,60
29754,9
29757,44
29758,31
29769,45
29771,64
29778,9
29779,3
29781,6
29783,33
29788,35
29789,135
29790,1027
29792,71
29793,492
29796,46
29797,139
29799,97
29803,1
29804,32
29806,98
29807,200
29808,169
29814,4
29818,80
29821,556
29822,174
29823,57
29829,148
29830,161
29831,31
29832,25
29839,81
29843,12
29846,55
29847,2
29851,4
29855,31
29857,24
29858,59
29880,9
29903,18
29905,32
29908,8
29915,3
29921,413
29926,15
29927,105
29930,190
29946,91
29949,34
29951,205
29984,142
29986,164
29989,1
29996,20
30001,169
30005,12
30007,164
30008,28
30010,27
30019,21
30025,22
30026,42
30027,7
30028,234
30032,1
30037,127
30038,34
30040,57
30041,54
30044,47
30047,2
30048,69
30060,22
30064,24
30066,15
30070,93
30071,34
30072,36
30079,49
30081,73
30089,36
30092,41
30095,20
30100,28
30102,37
30105,23
30106,32
30112,5
30114,69
30115,272
30116,19
30120,7
30122,14
30125,114
30128,15
30145,36
30153,33
30154,16
30156,45
30157,23
30159,195
30161,27
30162,85
30164,98
30166,37
30171,15
30172,19
30174,115
30175,51
30176,8
30178,2
30179,93
30202,660
30205,39
30213,47
30220,40
30223,1417
30226,219
30227,59
30228,8
30239,49
30244,46
30245,14
30248,113
30249,60
30251,1
30252,76
30253,49
30254,734
30259,46
30264,207
30267,18
30268,59
30269,77
30273,50
30275,22
30276,11
30281,268
30282,148
30284,6
30285,110
30286,5
30287,137
30288,179
30295,38
30296,41
30298,55
30300,30
30301,421
30305,3
30315,93
30316,39
30321,35
30323,2
30324,6
30326,3
30327,10
30328,1
30330,48
30331,140
30332,139
30338,22
30343,226
30345,35
30346,90
30352,104
30354,41
30362,4
30367,751
30368,13
30370,11
30375,58
30376,126
30377,29
30378,3
30380,48
30381,217
30388,101
30389,37
30391,203
30402,6
30418,163
30426,21
30429,42
30432,148
30433,208
30434,1408
30435,11
30437,5
30438,34
30439,40
30440,107
30441,152
30442,115
30443,105
30445,92
30446,23
30447,864
30451,39
30452,58
30453,153
30455,286
30456,88
30460,94
30461,84
30462,39
30463,373
30464,37
30466,436
30468,89
30469,42
30470,1080
30471,47
30473,59
30476,66
30478,59
30479,25
30480,99
30482,161
30483,8
30486,125
30488,78
30493,304
30494,44
30495,105
30496,15
30497,445
30498,1359
30499,382
30501,1
30506,72
30510,105
30512,22
30514,9
30515,3
30516,22
30518,6
30519,78
30522,196
30523,918
30524,536
30525,47
30527,307
30528,8
30531,47
30533,177
30534,118
30536,355
30538,9
30540,30
30541,224
30543,979
30544,52
30545,52
30546,238
30547,102
30548,5
30549,22
30550,154
30551,54
30553,32
30558,103
30559,306
30561,157
30562,53
30564,459
30565,118
30566,143
30568,27
30569,22
30571,14
30574,386
30575,336
30580,39
30581,305
30582,11
30583,19
30584,60
30585,14
30588,10
30589,76
30590,185
30593,56
30594,210
30597,50
30598,20
30599,8
30600,23
30601,60
30602,27
30604,457
30608,1206
30609,259
30611,361
30612,22
30616,5
30621,62
30623,44
30625,8
30626,18
30627,27
30630,84
30634,19
30637,37
30639,5
30642,104
30643,54
30646,8
30653,41
30655,313
30657,405
30658,178
30665,124
30666,186
30667,74
30668,63
30671,22
30672,26
30674,46
30676,20
30677,36
30678,100
30680,45
30681,147
30682,25
30684,518
30685,120
30686,27
30688,226
30689,5
30694,20
30697,66
30698,199
30699,85
30700,157
30701,71
30702,166
30709,7
30713,1
30719,10
30721,185
30722,21
30723,52
30726,173
30728,9
30729,59
30730,16
30731,69
30734,27
30735,895
30736,99
30738,151
30741,6
30742,13
30743,316
30759,21
30762,11
30765,16
30766,112
30768,113
30772,62
30784,10
30786,3
30791,178
30794,183
30797,421
30801,24
30805,1184
30807,17
30808,34
30810,18
30814,22
30818,16
30819,11
30820,6
30821,82
30823,7
30824,18
30827,29
30833,73
30838,57
30839,54
30841,179
30843,392
30844,504
30845,64
30849,74
30850,105
30851,51
30853,85
30854,27
30858,14
30859,18
30860,235
30863,18
30867,84
30868,36
30869,227
30872,111
30873,184
30874,54
30875,175
30876,88
30879,54
30880,118
30881,49
30885,224
30886,24
30887,8
30889,80
30891,62
30896,64
30901,121
30902,273
30904,30
30908,16
30912,151
30919,4
30920,30
30922,67
30926,86
30929,164
30956,96
30991,40
30992,51
30999,62
31000,51
31016,521
31019,516
31021,86
31027,98
31036,44
31037,53
31038,109
31040,206
31042,35
31046,107
31053,16
31054,37
31055,49
31057,44
31062,19
31066,48
31067,125
31068,31
31069,139
31070,112
31071,7
31077,178
31081,12
31085,63
31087,48
31088,266
31089,47
31092,40
31093,218
31094,16
31095,88
31096,162
31097,198
31098,6
31102,17
31104,103
31106,91
31107,3
31108,44
31109,25
31123,4683
31125,90
31127,255
31129,44
31130,54
31131,169
31141,88
31143,77
31148,13
31149,126
31151,76
31152,13
31154,5
31158,185
31163,18
31164,49
31167,23
31173,9
31186,147
31200,20
31201,7
31203,5
31207,247
31211,70
31212,141
31213,1
31215,546
31218,8
31223,173
31225,10
31226,30
31227,34
31229,195
31230,51
31232,59
31233,24
31236,517
31237,67
31239,89
31243,43
31245,137
31261,43
31262,59
31268,80
31269,421
31271,1
31273,7
31277,268
31278,207
31282,4020
31283,54
31284,46
31285,74
31286,367
31287,77
31288,25
31289,35
31297,22
31305,53
31315,90
31316,109
31318,56
31319,41
31321,59
31325,107
31328,9
31333,38
31337,100
31343,52
31345,108
31347,709
31348,134
31349,1
31351,37
31352,25
31353,71
31362,47
31366,3
31367,13
31368,34
31369,3
31371,9
31376,56
31377,36
31388,47
31389,18
31390,4
31391,23
31393,67
31397,15
31400,127
31403,4
31406,36
31407,10
31408,13
31412,2
31416,9
31418,62
31420,40
31421,45
31430,15
31434,147
31442,162
31443,43
31444,68
31445,72
31446,20
31447,21
31450,106
31452,108
31453,73
31455,23
31459,60
31460,239
31461,107
31463,16
31464,130
31465,194
31466,116
31467,435
31468,236
31475,32
31476,18
31478,11
31483,149
31484,250
31485,162
31486,456
31487,105
31488,604
31489,131
31490,203
31491,28
31493,56
31494,915
31495,55
31498,187
31500,28
31501,173
31502,207
31503,376
31509,19
31514,126
31515,632
31517,4042
31518,374
31519,310
31520,446
31521,112
31527,120
31532,26
31533,219
31537,254
31539,3
31541,59
31542,12
31543,49
31544,32
31547,21
31550,125
31552,764
31553,2456
31554,398
31555,613
31556,45
31557,57
31559,161
31567,95
31568,335
31569,120
31570,786
31571,819
31573,59
31576,11
31580,149
31582,75
31584,783
31585,126
31586,34
31588,82
31589,88
31592,192
31593,134
31594,95
31595,974
31596,253
31597,331
31601,50
31604,221
31606,91
31607,89
31608,5
31609,203
31610,89
31615,144
31617,342
31619,64
31620,46
31621,295
31622,232
31624,54
31625,215
31627,136
31629,37
31630,40
31632,4
31637,77
31638,1
31639,46
31649,317
31655,93
31657,51
31659,25
31660,23
31664,26
31665,21
31668,41
31671,302
31676,27
31681,44
31685,32
31688,12
31689,65
31693,75
31695,24
31702,2
31711,22
31714,64
31715,1
31718,25
31723,58
31724,309
31725,30
31726,127
31727,75
31728,164
31731,64
31733,19
31734,20
31735,38
31739,122
31740,165
31741,84
31743,74
31744,77
31747,6
31748,84
31749,309
31750,472
31751,47
31754,30
31755,1
31757,24
31758,162
31759,662
31762,53
31767,44
31771,35
31772,7
31773,321
31778,117
31781,6
31785,99
31792,70
31793,256
31795,44
31796,60
31800,8
31801,136
31803,39
31804,623
31805,15
31806,8
31807,70
31808,7
31816,54
31822,341
31825,23
31826,66
31827,45
31828,21
31829,28
31830,26
31833,72
31836,67
31837,47
31838,228
31839,55
31840,159
31843,145
31844,63
31845,1741
31847,13
31848,44
31850,28
31851,81
31857,76
31860,83
31861,48
31862,51
31865,46
31866,127
31871,9
31874,217
31878,369
31881,108
31882,88
31883,22
31886,171
31887,117
31888,31
31893,45
31895,14
31902,16
31903,74
31904,92
31907,96
31926,16
31931,31
31933,87
31938,119
31939,57
31951,157
31955,144
31962,72
31963,51
31965,24
31973,104
31982,73
31988,274
31997,155
31998,133
31999,7
32000,130
32001,25
32009,23
32010,8
32011,15
32012,35
32021,111
32023,112
32024,40
32026,79
32027,270
32028,22
32030,5
32032,38
32039,493
32040,28
32041,33
32042,2
32046,7
32052,54
32057,13
32062,6
32063,17
32064,8
32067,239
32069,19
32070,319
32074,81
32076,77
32077,15
32078,14
32080,22
32083,90
32084,10
32085,161
32086,45
32087,30
32091,21
32092,51
32094,10
32100,18
32101,21
32102,63
32104,174
32105,43
32115,31
32117,1
32123,10
32124,8
32128,34
32130,10
32132,49
32134,27
32140,13
32142,8
32146,213
32149,2
32152,18
32157,11
32158,1
32164,91
32168,6
32169,3
32171,20
32172,16
32174,72
32177,7
32179,369
32181,3
32185,33
32186,81
32190,46
32191,72
32192,40
32193,12
32194,32
32195,14
32196,150
32198,9
32199,15
32200,16
32203,87
32210,46
32211,41
32213,11
32215,142
32216,186
32222,12
32226,687
32232,26
32236,1
32237,270
32245,22
32249,19
32250,9
32253,140
32254,358
32260,56
32264,421
32266,101
32268,274
32269,127
32272,220
32275,60
32277,137
32280,16
32281,47
32285,52
32286,120
32287,95
32288,54
32289,39
32294,18
32295,95
32297,150
32303,34
32307,63
32311,10
32312,228
32314,32
32316,40
32318,62
32319,159
32326,50
32329,74
32330,99
32333,18
32334,10
32335,160
32338,32
32342,29
32343,48
32344,88
32345,58
32348,79
32351,223
32352,113
32356,52
32357,50
32359,45
32363,164
32364,163
32369,64
32371,11
32373,40
32378,382
32379,555
32380,489
32381,171
32383,208
32384,518
32385,19
32387,1208
32388,2515
32390,132
32391,245
32393,36
32396,13
32397,22
32399,150
32400,131
32403,158
32404,103
32405,133
32406,762
32407,81
32412,700
32413,24
32414,4175
32415,1536
32416,408
32417,273
32429,30
32430,126
32433,75
32435,235
32438,78
32439,4
32440,205
32441,27
32443,25
32445,277
32446,826
32447,1496
32448,834
32449,78
32450,23
32455,91
32456,109
32460,32
32461,101
32463,37
32464,215
32465,22
32467,36
32468,1753
32470,205
32471,75
32473,102
32475,59
32476,617
32478,518
32479,10
32480,69
32481,107
32486,70
32488,333
32491,60
32492,52
32495,21
32496,247
32498,148
32501,481
32502,892
32503,75
32505,50
32507,795
32508,1092
32509,191
32511,93
32513,352
32514,321
32515,445
32517,126
32519,35
32521,96
32522,67
32523,28
32524,169
32526,155
32527,16
32529,150
32533,12
32534,71
32535,20
32536,59
32537,464
32539,4
32540,27
32547,297
32548,94
32557,148
32561,20
32562,32
32564,18
32565,13
32578,24
32579,267
32585,9
32591,47
32592,24
32593,80
32600,300
32607,167
32611,85
32614,56
32617,126
32618,8
32619,16
32622,68
32623,94
32624,275
32625,25
32627,36
32628,12
32629,103
32630,44
32631,22
32633,24
32634,182
32636,232
32639,204
32641,66
32642,15
32645,277
32646,106
32649,19
32650,76
32651,39
32660,11
32662,114
32664,31
32665,55
32668,11
32669,55
32677,72
32678,60
32679,31
32682,1
32687,151
32689,52
32697,228
32700,27
32701,21
32702,118
32703,54
32704,56
32706,89
32710,56
32714,4
32715,20
32720,16
32722,88
32723,20
32725,10
32729,98
32730,276
32732,136
32735,46
32739,85
32742,145
32744,54
32745,588
32747,32
32749,34
32754,61
32757,121
32759,37
32761,23
32762,461
32765,70
32768,62
32775,37
32777,516
32778,22
32780,76
32784,115
32789,98
32792,64
32793,11
32794,244
32795,39
32796,51
32797,61
32798,214
32799,19
32802,138
32813,10
32842,40
32852,8
32862,90
32868,68
32874,76
32875,67
32878,33
32884,240
32901,270
32907,31
32911,270
32914,15
32915,25
32916,34
32918,53
32919,86
32920,81
32922,43
32924,124
32928,84
32930,65
32931,135
32934,19
32940,12
32943,46
32945,22
32946,37
32947,70
32950,28
32956,2
32961,44
32962,50
32972,63
32977,16
32979,15
32983,17
32984,35
32987,37
32989,55
32990,165
32991,75
32992,210
32995,46
33002,45
33003,72
33005,294
33009,63
33010,24
33011,111
33015,6
33016,1
33024,81
33028,254
33031,11
33033,38
33034,76
33035,17
33042,45
33048,7
33055,10
33056,67
33057,43
33066,41
33067,78
33068,2
33070,93
33072,248
33074,21
33076,181
33078,141
33082,50
33083,196
33084,103
33086,157
33088,5
33089,94
33090,25
33091,31
33093,75
33095,18
33096,50
33099,32
33100,25
33101,15
33103,11
33120,465
33122,185
33123,278
33125,10
33133,66
33140,22
33152,8
33161,32
33162,52
33167,282
33173,198
33174,245
33176,112
33182,73
33183,73
33185,28
33186,24
33189,55
33192,18
33196,39
33197,31
33202,36
33203,28
33204,4
33206,30
33208,13
33210,223
33211,22
33212,1
33213,180
33214,157
33217,45
33218,30
33220,5
33222,185
33223,686
33227,97
33229,60
33236,42
33237,69
33238,71
33241,113
33243,109
33244,2
33246,53
33247,2
33248,302
33253,51
33254,1
33264,32
33265,25
33266,21
33267,105
33275,37
33277,4
33285,2
33291,89
33293,68
33294,29
33296,59
33299,30
33302,1
33305,28
33306,127
33307,19
33312,22
33314,24
33316,193
33321,16
33322,6
33323,131
33324,21
33335,97
33337,50
33338,125
33340,188
33341,284
33343,123
33344,762
33347,50
33349,164
33350,314
33351,140
33352,116
33355,283
33356,732
33357,563
33358,94
33360,46
33363,319
33364,28
33365,63
33366,216
33370,89
33373,9
33374,158
33378,460
33381,43
33382,48
33383,450
33386,712
33387,2160
33388,852
33390,355
33392,46
33393,98
33394,58
33399,15
33405,690
33407,72
33408,47
33409,34
33410,92
33411,233
33414,91
33415,107
33416,675
33417,1308
33419,59
33420,5
33421,34
33423,3
33425,31
33427,325
33428,883
33431,56
33432,19
33434,22
33435,110
33438,1066
33439,194
33440,1591
33441,77
33442,155
33449,59
33450,98
33451,20
33455,108
33471,133
33475,52
33476,820
33478,100
33480,131
33482,196
33488,14
33489,15
33490,1049
33491,75
33493,330
33495,13
33501,22
33502,44
33503,159
33506,70
33518,44
33519,71
33523,1
33525,42
33538,6
33540,16
33541,30
33543,32
33544,47
33545,580
33548,9
33549,99
33552,111
33553,642
33554,780
33555,82
33556,8
33557,32
33558,72
33564,31
33571,94
33572,107
33575,1
33580,234
33581,12
33582,50
33583,1528
33584,374
33588,58
33589,30
33590,25
33591,86
33594,116
33595,57
33597,218
33598,107
33600,29
33604,60
33605,66
33609,51
33610,33
33612,10
33625,7
33627,188
33630,66
33631,85
33635,65
33637,16
33641,48
33647,1035
33651,21
33658,165
33659,17
33660,47
33663,1
33664,12
33665,13
33669,35
33670,1
33673,115
33676,18
33677,11
33678,28
33680,28
33682,9
33685,38
33686,879
33689,14
33691,83
33692,208
33695,34
33696,32
33698,18
33701,32
33705,116
33706,427
33707,25
33708,56
33709,6
33711,14
33713,5
33714,149
33719,39
33724,133
33728,45
33729,12
33733,10
33734,57
33735,57
33738,131
33740,76
33741,48
33744,215
33745,115
33746,23
33747,60
33749,37
33753,169
33755,95
33757,9
33760,11
33761,32
33765,53
33777,105
33778,195
33801,10
33815,88
33840,21
33846,208
33848,221
33851,41
33852,25
33853,173
33857,9
33858,58
33886,111
33891,50
33893,88
33901,1629
33905,25
33907,20
33910,38
33917,104
33923,58
33924,68
33927,14
33928,45
33929,94
33930,208
33933,50
33936,97
33944,47
33946,27
33947,59
33954,14
33957,25
33958,5
33960,30
33962,1
33964,202
33969,372
33970,171
33972,21
33976,52
33979,49
33981,44
33983,510
33984,493
33985,39
33986,127
33989,335
33990,38
33992,25
33993,75
33994,95
33997,103
33998,83
33999,113
34002,34
34003,133
34004,44
34005,158
34009,782
34010,211
34012,25
34013,10
34024,191
34032,42
34035,658
34036,47
34039,15
34040,184
34041,102
34044,7
34049,19
34054,104
34057,599
34062,49
34063,30
34066,11
34069,191
34080,5
34081,106
34083,92
34086,10
34088,11
34090,47
34091,33
34094,28
34096,647
34098,15
34100,17
34101,74
34102,211
34103,249
34104,21
34106,17
34107,10
34108,37
34110,85
34112,40
34113,188
34118,3
34126,1
34133,111
34135,23
34136,90
34142,165
34143,23
34144,2
34146,360
34148,23
34149,34
34150,216
34151,157
34153,104
34155,129
34156,217
34163,13
34166,75
34167,111
34178,142
34179,14
34186,31
34188,185
34189,50
34190,43
34191,37
34197,27
34203,20
34204,8
34209,20
34211,139
34216,116
34217,261
34220,17
34221,349
34223,21
34224,161
34225,62
34226,162
34229,32
34233,216
34236,337
34238,41
34240,69
34242,5
34243,61
34245,173
34246,1
34248,208
34249,105
34253,1
34255,92
34256,4
34260,19
34263,2
34264,1
34272,122
34277,37
34278,55
34280,17
34281,44
34283,294
34290,1
34297,7
34298,44
34300,30
34314,23
34315,39
34316,254
34317,23
34321,13
34324,104
34325,279
34326,239
34328,185
34329,55
34330,16
34345,36
34346,65
34347,33
34348,20
34349,21
34350,20
34351,54
34352,29
34374,4
34402,84
34403,33
34404,1
34406,20
34407,13
34410,24
34412,19
34413,49
34415,21
34420,144
34421,133
34426,3
34442,13
34443,31
34444,42
34445,25
34446,93
34447,83
34452,74
34453,2
34454,47
34458,3
34459,24
34461,1
34463,3
34464,1
34465,1
34468,2
34470,6
34474,11
34481,87
34482,35
34483,171
34484,62
34490,9
34493,6
34495,16
34496,6
34497,21
34498,31
34499,41
34500,23
34501,5
34505,31
34506,40
34507,9
34510,4
34512,207
34513,22
34515,23
34516,336
34517,311
34518,21
34519,10
34520,7
34522,15
34523,18
34525,10
34526,30
34529,7
34530,18
34531,20
34532,25
34533,24
34534,43
34535,31
34536,4
34537,15
34538,12
34540,37
34541,34
34542,11
34543,18
34545,36
34546,64
34610,42
34637,24
34638,61
34662,8
34667,21
34668,14
34669,5
34672,11
34675,4
34679,25
34681,17
34682,9
34685,25
34686,16
34687,25
34691,20
34694,17
34698,21
34699,22
34703,108
34705,15
34706,32
34718,125
34720,18
34721,25
34722,25
34723,26
34724,26
34725,57
34726,54
34727,74
34728,33
34729,10
34730,233
34731,222
34732,217
34733,44
34734,195
34736,41
34738,24
34744,21
34747,34
34748,56
34749,47
34750,51
34751,66
34752,32
34753,56
34754,27
34755,56
34758,39
34763,9
34764,8
34765,186
34766,371
34767,277
34768,221
34769,108
34770,135
34771,26
34776,182
34777,761
34779,192
34780,399
34781,151
34782,56
34783,82
34784,118
34786,24
34787,85
34788,18
34791,18
34792,12
34797,265
34798,23
34799,21
34801,43
34802,49
34805,34
34807,159
34808,150
34811,12
34812,5
34813,6
34814,15
34820,136
34821,131
34822,45
34823,109
34825,83
34826,128
34827,46
34828,119
34829,75
34830,48
34831,69
34832,43
34833,134
34834,359
34836,220
34837,32
34838,139
34840,131
34841,165
34842,78
34844,36
34845,31
34846,74
34847,175
34848,102
34849,103
34850,52
34852,18
34859,309
34860,307
34861,72
34868,249
34873,9
34874,210
34877,51
34880,352
34886,58
34887,43
34888,27
34889,40
34891,25
34893,94
34894,155
34895,49
34896,8
34897,43
34898,33
34901,104
34902,61
34904,16
34905,16
34906,10
34907,7
34909,51
34910,88
34912,29
34914,22
34915,35
34916,29
34917,25
34918,98
34919,68
34920,215
34921,67
34922,124
34923,221
34924,274
34927,49
34928,13
34956,77
34957,33
34958,50
34959,42
34960,32
34961,37
34963,27
34965,146
34967,26
34971,19
34972,23
34973,44
34974,47
34975,175
34976,126
34977,218
34978,124
34979,27
34982,62
34983,110
34984,21
34990,16
34992,7
34993,9
34994,17
34995,19
34997,34
34999,10
35000,104
35001,43
35002,24
35003,37
35004,32
35007,54
35008,4
35009,280
35010,387
35011,412
35012,362
35019,4
35020,4
35022,3
35025,80
35026,29
35027,176
35028,180
35041,39
35047,5
35048,12
35049,23
35050,207
35051,50
35052,113
35053,46
35054,34
35055,19
35060,31
35062,26
35063,28
35064,83
35065,49
35066,39
35067,47
35068,71
35069,18
35072,196
35073,48
35075,9
35076,36
35077,35
35078,3
35080,68
35081,141
35083,32
35084,50
35085,48
35087,378
35090,30
35092,18
35103,8
35116,24
35118,12
35119,12
35120,21
35128,1
35129,1
35130,3
35131,350
35134,42
35135,18
35138,133
35141,18
35142,85
35143,74
35144,570
35145,144
35146,96
35147,20
35148,83
35149,38
35158,31
35159,12
35160,121
35163,48
35173,4
35177,8
35185,2
35187,5
35191,37
35197,150
35221,6
35222,45
35224,19
35225,43
35227,134
35228,175
35230,1
35231,1
35232,13
35234,4
35236,38
35237,535
35241,25
35249,52
35251,36
35252,25
35254,10
35255,79
35256,18
35258,14
35260,24
35261,21
35262,28
35263,25
35265,19
35266,9
35268,6
35269,135
35276,670
35277,442
35278,157
35279,189
35280,289
35281,326
35290,144
35291,78
35292,178
35298,47
35307,32
35308,5
35309,42
35312,25
35357,633
35360,392
35364,7
35365,213
35366,88
35369,434
35372,20
35373,6
35374,6
35375,3
35376,1
35377,7
35378,255
35379,7
35380,82
35381,378
35382,871
35384,7
35386,9
35387,6
35388,2
35389,287
35390,303
35391,237
35396,3
35397,73
35398,32
35400,41
35406,6
35410,84
35411,10
35412,4
35414,8
35416,298
35417,23
35418,16
35419,6
35420,172
35421,8
35422,232
35423,217
35425,1538
35426,635
35428,2182
35429,570
35433,3082
35434,61
35435,14
35436,20
35438,36
35439,7
35440,3
35441,712
35443,52
35448,112
35449,132
35451,33
35452,433
35453,254
35454,36
35455,34
35456,37
35457,72
35459,181
35476,25
35477,9
35484,32
35485,44
35486,14
35509,2
35511,36
35512,22
35513,23
35514,76
35515,66
35516,30
35519,6
35520,7
35521,7
35522,6
35523,11
35524,30
35525,2
35526,77
35527,21
35528,11
35529,5
35530,3
35532,8
35533,3
35534,717
35535,430
35536,1179
35537,266
35538,205
35540,66
35543,121
35545,34
35546,77
35547,94
35549,37
35550,142
35551,65
35552,516
35554,200
35555,134
35556,206
35557,121
35558,96
35559,141
35560,75
35561,239
35563,52
35564,191
35565,100
35566,104
35567,187
35568,705
35569,248
35571,80
35573,57
35574,130
35580,7
35581,6
35582,11
35584,12
35585,54
35586,11
35589,111
35590,48
35601,98
35604,51
35606,23
35607,34
35608,26
35609,22
35612,25
35613,8
35614,45
35617,29
35618,27
35622,10
35623,2
35640,442
35642,19
35643,507
35645,31
35647,61
35648,33
35649,30
35650,55
35651,86
35652,15
35653,25
35654,161
35655,185
35656,190
35658,151
35659,153
35660,219
35662,82
35663,48
35664,70
35665,70
35667,2
35675,1
35677,208
35691,6
35692,9
35702,122
35710,26
35711,21
35712,24
35713,18
35714,14
35718,108
35719,154
35720,17
35721,125
35722,225
35723,246
35724,321
35725,216
35726,567
35727,59
35728,150
35732,170
35733,117
35734,60
35743,405
35747,48
35748,73
35749,3
35750,108
35751,44
35752,32
35753,5
35756,137
35759,5
35760,28
35761,2
35762,3
35763,7
35764,3
35765,173
35766,1
35767,122
35768,99
35770,88
35772,38
35773,12
35774,40
35775,91
35776,39
35780,3
35781,1
35782,59
35783,1
35787,76
35788,17
35789,5
35790,145
35792,388
35795,16
35796,173
35797,60
35799,67
35802,30
35803,50
35804,905
35805,950
35806,2008
35807,231
35808,36
35809,85
35810,128
35811,215
35812,115
35813,73
35814,7
35815,25
35816,7
35818,8
35819,14
35822,906
35840,101
35841,23
35842,267
35843,95
35844,108
35845,79
35846,95
35847,65
35848,23
35849,214
35850,109
35851,208
35854,2
35856,1
35858,13
35859,1
35864,458
35871,30
35874,104
35875,75
35876,37
35877,26
35878,61
35882,117
35883,165
35884,7
35885,16
35886,9
35887,19
35888,21
35892,23
35897,4
35900,43
35901,81
35902,77
35909,131
35910,58
35911,90
35912,1
35915,29
35916,10
35919,159
35920,271
35921,215
35922,206
35923,199
35926,1
35954,216
35960,53
35961,147
35962,113
35963,245
35964,178
35965,92
35966,68
35967,112
35968,91
35969,214
35970,127
35971,75
35972,183
35973,268
35974,143
35975,156
35976,82
35977,151
35988,109
36004,15
36007,1
36012,3
36018,34
36019,43
36020,26
36021,29
36025,32
36026,53
36028,440
36029,136
36032,50
36033,55
36036,30
36039,24
36040,15
36062,316
36063,109
36064,31
36065,20
36066,90
36067,55
36068,38
36069,32
36070,31
36071,13
36072,38
36073,34
36074,39
36075,30
36092,11
36093,43
36096,22
36097,42
36098,31
36108,36
36109,25
36110,19
36111,34
36112,22
36113,18
36114,19
36115,2
36116,2
36117,2
36118,4
36119,3
36120,4
36121,3
36122,1
36123,5
36125,8
36126,310
36127,78
36128,138
36130,15
36131,34
36132,131
36136,175
36137,65
36139,31
36145,7
36151,101
36156,71
36157,50
36159,124
36161,6
36163,3
36172,27
36173,217
36174,83
36175,68
36177,53
36179,78
36180,63
36181,74
36185,72
36186,226
36187,143
36188,57
36189,53
36191,51
36194,53
36198,20
36200,11
36203,322
36204,12
36205,97
36206,80
36207,28
36219,7
36222,218
36223,160
36224,81
36225,124
36226,102
36227,127
36228,236
36229,37
36231,277
36232,501
36234,100
36235,13
36236,37
36239,10
36242,28
36248,20
36249,18
36251,23
36252,126
36254,24
36260,200
36261,455
36262,378
36263,167
36264,176
36265,104
36266,122
36267,101
36268,63
36269,86
36270,81
36279,42
36280,2
36283,71
36284,51
36286,16
36287,13
36289,19
36290,31
36293,57
36294,128
36295,131
36296,752
36297,98
36298,268
36299,81
36301,48
36303,59
36305,53
36310,10
36318,12
36321,72
36323,45
36324,100
36331,182
36333,26
36334,92
36336,232
36339,92
36340,21
36341,47
36342,66
36343,48
36344,38
36345,45
36346,56
36348,51
36352,65
36353,334
36356,51
36357,80
36358,46
36359,103
36360,42
36361,103
36362,56
36363,75
36364,106
36365,14
36366,19
36367,10
36368,24
36369,70
36370,9
36375,6
36385,280
36386,139
36387,66
36388,23
36389,245
36390,21
36397,40
36398,56
36403,38
36413,25
36414,38
36415,23
36416,33
36417,32
36418,2
36419,40
36421,214
36423,165
36425,144
36430,126
36431,28
36433,201
36434,147
36448,13
36454,59
36457,31
36458,17
36459,123
36460,67
36461,17
36463,42
36465,24
36468,23
36470,94
36471,157
36473,54
36474,123
36475,183
36476,38
36477,44
36479,2
36484,34
36485,4
36486,3
36487,6
36493,155
36499,17
36500,37
36504,15
36505,42
36506,43
36507,57
36508,38
36509,45
36510,51
36511,52
36519,107
36520,26
36535,12
36539,56
36543,4
36545,11
36547,11
36551,12
36554,8
36555,15
36556,33
36557,3
36558,5
36559,1
36561,116
36562,3
36564,4
36566,30
36567,49
36568,4
36569,5
36573,7
36575,7
36576,4
36577,10
36579,11
36580,10
36582,5
36585,7
36591,25
36592,105
36593,153
36594,219
36596,111
36597,100
36598,134
36599,15
36601,26
36602,19
36603,42
36604,47
36605,39
36606,31
36607,39
36608,27
36610,72
36613,218
36614,19
36615,16
36616,13
36618,359
36619,181
36620,271
36621,77
36622,91
36623,51
36632,319
36636,25
36639,84
36640,866
36641,713
36642,721
36643,145
36644,245
36645,43
36646,542
36647,14
36648,287
36654,3
36655,18
36657,10
36658,4
36659,7
36660,4
36661,13
36662,18
36663,12
36664,5
36665,1
36666,3
36667,2
36668,343
36669,307
36671,27
36672,81
36677,8
36678,2
36682,6
36691,134
36698,77
36699,46
36701,67
36702,15
36703,39
36705,41
36712,14
36713,31
36714,45
36715,50
36716,84
36717,45
36718,35
36719,19
36720,73
36721,20
36723,11
36728,61
36733,992
36737,422
36738,51
36739,101
36742,64
36747,13
36748,17
36749,8
36750,13
36752,21
36753,14
36754,18
36758,2
36760,74
36761,37
36762,29
36765,11
36767,21
36772,19
36775,13
36779,14
36782,29
36785,5
36786,8
36789,20
36791,231
36793,63
36794,78
36795,1
36796,59
36797,115
36798,746
36799,78
36800,11
36803,175
36804,195
36808,41
36809,45
36810,41
36811,46
36812,85
36816,27
36819,5
36823,97
36824,52
36825,159
36826,46
36827,198
36830,15
36831,273
36832,355
36833,11
36834,155
36835,8
36839,5
36840,149
36842,8
36853,2
36860,4
36863,28
36866,3
36869,27
36870,15
36871,19
36882,4
36889,359
36890,5
36891,21
36892,57
36893,90
36894,11
36895,19
36896,23
36897,15
36899,48
36900,7
36901,49
36902,27
36903,30
36904,38
36905,10
36906,48
36907,13
36908,111
36909,12
36910,37
36912,496
36913,5
36914,3
36916,125
36917,157
36918,83
36920,116
36922,76
36923,39
36924,44
36932,69
36937,309
36938,21
36941,26
36942,7
36943,73
36948,68
36949,103
36950,30
36951,10
36952,220
36953,6
36955,222
36958,10
36960,74
36961,27
36963,20
36964,34
36965,66
36966,17
36967,58
36968,34
36969,28
36971,20
36973,20
36974,38
36975,12
36976,24
36986,43
36987,35
36988,12
36989,21
36998,161
36999,87
37000,95
37001,33
37002,90
37004,23
37005,9
37006,5
37007,14
37008,11
37010,8
37011,8
37012,27
37014,14
37015,1
37016,21
37017,10
37018,242
37019,176
37023,65
37024,42
37025,40
37026,15
37027,11
37029,472
37032,2
37034,229
37041,63
37042,53
37043,45
37044,21
37045,17
37046,9
37047,14
37048,4
37049,1
37050,27
37051,138
37052,157
37053,220
37055,49
37056,33
37057,5
37058,92
37059,47
37060,14
37061,171
37062,187
37063,10
37066,6
37068,1
37069,12
37070,6
37071,10
37072,79
37073,73
37074,140
37075,49
37079,13
37080,45
37087,41
37088,73
37089,6
37090,126
37092,103
37093,280
37094,175
37095,149
37096,39
37098,17
37099,3
37100,8
37101,18
37102,17
37103,32
37104,82
37105,85
37106,11
37107,20
37108,21
37109,46
37110,42
37111,56
37112,32
37113,51
37114,65
37118,4
37119,6
37121,75
37122,66
37123,7
37125,8
37126,31
37127,1
37128,11
37131,34
37133,2
37146,44
37147,23
37148,314
37149,27
37152,6
37154,1
37155,18
37157,86
37159,338
37161,220
37162,99
37163,73
37164,110
37166,31
37167,56
37168,65
37169,17
37170,67
37171,11
37172,9
37173,11
37174,19
37175,14
37176,13
37177,4
37178,10
37179,4
37180,29
37225,121
37266,19
37267,7
37269,9
37270,7
37298,31
37299,7
37313,11
37317,20
37318,26
37319,43
37320,16
37321,184
37322,217
37323,85
37324,101
37325,63
37326,155
37327,45
37329,32
37396,3
37397,48
37399,22
37400,931
37401,129
37402,42
37403,39
37404,48
37405,33
37406,30
37407,33
37408,14
37409,27
37410,36
37411,234
37414,221
37415,280
37416,1
37417,1
37418,232
37419,41
37420,149
37421,58
37422,35
37423,49
37424,45
37425,2
37426,21
37429,29
37430,35
37431,138
37432,132
37433,2
37434,48
37435,33
37436,78
37437,67
37438,36
37439,218
37440,36
37441,39
37442,194
37443,63
37444,229
37445,64
37446,41
37447,62
37494,7
37498,12
37499,19
37500,20
37501,42
37502,44
37503,18
37504,21
37505,28
37506,93
37507,85
37508,21
37509,52
37510,52
37511,27
37512,27
37513,60
37514,68
37515,41
37524,88
37530,32
37532,64
37533,14
37534,35
37535,48
37540,5
37541,1
37542,48
37544,21
37545,22
37546,9
37548,38
37549,35
37551,30
37552,72
37553,67
37554,26
37555,68
37556,35
37557,34
37558,8
37559,57
37560,32
37561,54
37562,33
37563,36
37564,58
37565,81
37566,39
37573,34
37574,36
37577,12
37578,14
37586,2
37591,5
37593,4
37595,7
37597,16
37598,16
37599,3
37601,27
37602,5
37603,7
37604,10
37608,7
37618,32
37620,5
37622,19
37626,48
37629,43
37630,42
37631,50
37632,138
37634,27
37635,59
37636,1
37637,21
37638,3
37641,1
37643,50
37646,1
37647,20
37653,169
37654,6
37656,15
37657,8
37658,5
37659,8
37662,6
37663,3
37665,33
37666,43
37667,46
37668,40
37669,16
37670,24
37671,39
37673,9
37674,7
37675,2
37676,1
37678,5
37684,3
37692,20
37697,18
37699,10
37700,17
37701,10
37702,17
37705,6
37707,6
37710,186
37711,5
37712,1
37713,5
37715,1
37716,21
37717,5
37720,60
37721,15
37722,16
37723,32
37724,5
37725,9
37727,26
37728,18
37729,46
37730,4
37731,19
37732,13
37737,265
37738,39
37739,24
37744,92
37747,2
37748,2
37758,422
37760,196
37761,152
37763,18
37765,56
37766,70
37769,39
37771,31
37772,16
37773,13
37774,36
37775,16
37778,14
37781,30
37783,41
37784,30
37785,192
37786,96
37787,227
37788,162
37789,149
37790,184
37791,11
37792,13
37793,80
37797,5
37798,15
37801,27
37804,99
37805,70
37806,68
37807,33
37808,43
37809,34
37813,48
37814,16
37815,30
37816,10
37817,5
37818,7
37819,5
37824,9
37825,6
37826,32
37827,43
37828,17
37829,20
37831,61
37832,81
37833,65
37836,29
37837,17
37858,45
37859,61
37860,101
37861,73
37862,87
37863,21
37865,345
37868,20
37874,432
37875,407
37876,14
37882,24
37883,7
37884,23
37885,29
37886,83
37889,28
37890,68
37891,45
37892,33
37893,24
37894,10
37895,1
37896,4
37897,9
37898,6
37899,13
37900,9
37901,3
37902,6
37905,156
37906,165
37907,145
37910,32
37911,11
37912,18
37914,22
37915,13
37916,23
37917,11
37918,24
37919,32
37920,37
37921,48
37922,79
37923,41
37925,39
37926,42
37927,63
37930,46
37931,10
37932,52
37933,5
37936,81
37937,58
37938,59
37939,29
37940,36
37941,48
37942,48
37943,220
37945,79
37948,12
37958,136
37959,185
37960,198
37961,170
37962,115
37963,139
37964,9
37965,29
37966,10
37967,53
37973,17
37974,16
37975,80
37976,64
37977,14
37978,136
37984,32
37985,49
37986,135
37987,52
37989,10
37991,7
37994,71
37995,68
37996,15
38001,23
38002,1
38003,71
38004,191
38005,29
38007,29
38008,81
38010,20
38011,7
38012,62
38013,62
38014,31
38016,58
38017,41
38019,33
38022,105
38024,43
38025,64
38033,150
38034,13
38036,17
38037,23
38038,30
38041,33
38042,17
38043,13
38044,11
38045,14
38046,10
38047,10
38048,12
38049,15
38050,7
38051,21
38052,7
38053,5
38055,4
38056,9
38057,28
38058,28
38060,24
38064,7
38065,25
38066,42
38067,39
38068,73
38069,87
38074,36
38075,13
38076,4
38079,26
38081,11
38082,57
38084,52
38085,62
38086,38
38087,11
38088,20
38089,27
38092,11
38093,15
38094,28
38095,25
38132,32
38133,45
38134,20
38135,40
38170,59
38171,149
38172,25
38173,80
38174,27
38175,35
38182,234
38183,301
38184,67
38185,147
38186,135
38188,87
38189,116
38190,161
38191,403
38192,131
38194,170
38195,242
38196,111
38197,249
38198,166
38199,33
38200,58
38201,467
38202,622
38222,5
38223,35
38224,21
38225,15
38226,27
38227,88
38228,34
38229,96
38230,35
38241,46
38242,148
38243,19
38246,71
38247,22
38248,91
38249,237
38250,86
38251,80
38252,105
38253,164
38254,61
38255,904
38256,327
38257,208
38258,161
38259,736
38260,307
38261,3
38262,1
38266,2
38269,5
38271,6
38276,1874
38285,3
38291,4
38292,10
38293,13
38294,24
38296,8
38297,19
38298,7
38299,13
38302,5
38305,3
38309,9
38310,5
38312,4
38314,2
38326,61
38327,20
38328,10
38329,26
38332,6
38335,30
38336,32
38337,23
38338,35
38339,58
38340,75
38341,94
38342,87
38343,30
38344,51
38345,25
38346,23
38347,7
38348,96
38349,54
38350,17
38351,27
38352,16
38353,14
38354,45
38355,16
38356,34
38358,35
38359,60
38360,110
38361,113
38362,50
38363,92
38364,51
38365,47
38366,36
38367,23
38368,87
38369,8
38370,206
38371,70
38372,23
38376,93
38377,17
38378,26
38381,22
38382,42
38383,32
38384,122
38385,45
38386,45
38387,59
38388,63
38389,125
38391,7
38392,133
38394,48
38395,11
38404,29
38407,1
38408,4
38409,4
38410,2
38411,5
38412,11
38415,4
38420,1
38421,1
38423,8
38424,4
38429,6
38436,3
38437,4
38438,5
38447,120
38448,17
38449,18
38450,35
38451,33
38452,40
38453,39
38454,82
38455,36
38456,153
38457,98
38459,4
38461,30
38463,3
38464,5
38465,53
38466,30
38467,13
38468,10
38469,12
38470,25
38471,8
38472,21
38478,102
38479,135
38480,94
38481,318
38484,74
38485,298
38486,1
38487,7
38488,4
38489,3
38490,2
38491,30
38492,147
38494,11
38495,23
38496,73
38497,99
38498,24
38503,71
38505,122
38506,102
38514,141
38515,160
38516,11
38517,7
38518,16
38519,45
38520,7
38521,46
38523,65
38524,35
38525,18
38526,12
38527,35
38528,55
38529,21
38530,39
38531,69
38532,178
38533,83
38534,102
38535,79
38536,133
38537,92
38538,2
38539,44
38540,66
38541,42
38542,55
38543,62
38544,5
38546,17
38548,10
38549,14
38551,18
38552,6
38553,6
38555,43
38557,5
38558,241
38561,198
38562,146
38563,258
38564,129
38565,371
38566,66
38567,54
38569,3
38570,399
38571,137
38572,383
38573,45
38574,26
38575,77
38576,28
38577,122
38578,167
38579,54
38580,30
38581,96
38582,88
38595,51
38596,303
38597,307
38598,214
38599,2
38600,8
38601,7
38602,10
38603,1
38604,7
38605,22
38610,13
38613,147
38614,54
38617,53
38618,32
38619,25
38620,70
38621,7
38622,7
38623,27
38624,117
38625,6
38628,6
38629,13
38630,13
38631,34
38632,7
38634,8
38635,26
38636,26
38637,9
38638,3
38639,9
38642,43
38643,30
38647,9
38648,15
38649,10
38650,6
38652,3
38653,16
38655,89
38656,100
38659,80
38660,87
38661,42
38662,122
38665,15
38667,35
38668,66
38669,197
38670,60
38671,12
38672,7
38676,17
38680,12
38681,20
38682,57
38683,33
38684,10
38685,39
38686,28
38687,15
38688,6
38689,5
38691,1
38692,18
38693,16
38694,2
38696,15
38697,1
38698,152
38699,237
38700,18
38701,29
38702,26
38703,141
38704,60
38705,29
38706,27
38707,64
38708,19
38709,27
38710,69
38711,106
38712,101
38713,79
38714,29
38715,31
38716,28
38718,12
38719,9
38720,16
38721,13
38722,52
38723,72
38724,60
38725,24
38729,5
38730,39
38731,46
38732,96
38733,86
38734,177
38736,44
38737,77
38738,352
38739,50
38740,58
38741,22
38742,10
38743,48
38744,181
38745,24
38746,75
38747,54
38748,38
38749,161
38751,252
38752,73
38753,21
38754,119
38755,28
38756,11
38757,44
38758,64
38760,7
38761,9
38762,18
38763,15
38765,1
38766,3
38767,22
38768,11
38769,11
38770,12
38771,36
38772,40
38773,19
38774,31
38775,14
38777,11
38778,7
38779,43
38780,116
38781,99
38782,61
38783,10
38784,7
38785,4
38786,4
38787,16
38788,54
38789,52
38791,20
38793,28
38794,16
38795,10
38798,9
38801,12
38805,54
38806,2
38807,3
38808,7
38809,9
38810,15
38811,4
38812,29
38813,17
38814,30
38815,108
38816,107
38817,13
38818,43
38821,99
38822,12
38823,34
38824,16
38825,35
38826,71
38827,39
38828,21
38829,24
38831,50
38833,226
38835,37
38836,216
38839,23
38840,42
38841,115
38842,3
38844,4
38845,8
38846,8
38847,31
38848,14
38851,7
38853,6
38856,5
38857,36
38858,125
38859,21
38860,80
38861,37
38862,50
38863,11
38864,7
38865,29
38869,13
38870,13
38873,5
38876,9
38886,48
38887,139
38888,74
38889,16
38891,358
38892,151
38893,297
38894,192
38895,139
38897,29
38898,74
38899,107
38900,12
38901,98
38902,18
38903,19
38904,13
38905,6
38906,3
38907,103
38909,22
38911,29
38912,105
38913,74
38914,17
38915,24
38917,18
38918,22
38919,19
38921,12
38922,2
38923,10
38925,20
38926,36
38927,2
38930,9
38932,41
38933,47
38934,47
38935,83
38936,54
38937,95
38938,18
38943,17
38946,33
38947,18
38948,22
38950,25
38951,149
38952,12
38955,158
38956,3
38957,114
38958,30
38959,30
38960,13
38961,120
38962,132
38963,282
38964,6
38966,224
38968,71
38969,60
38970,34
38971,12
38972,72
38973,42
38974,24
38975,19
38977,14
38980,19
38981,16
38982,28
38983,16
38984,50
38985,24
38986,62
38987,40
38988,23
38989,16
38990,7
38991,4
38995,11
38998,28
38999,36
39000,55
39001,34
39002,53
39003,79
39004,15
39005,33
39006,21
39007,65
39008,60
39010,50
39011,68
39012,24
39013,16
39014,20
39015,21
39016,21
39017,174
39018,37
39019,23
39020,222
39021,122
39022,88
39023,63
39024,86
39025,19
39026,47
39027,145
39028,111
39029,155
39046,92
39047,117
39049,28
39050,6
39051,3
39052,90
39053,121
39054,25
39055,141
39056,127
39057,94
39058,53
39059,19
39060,4
39061,2
39062,3
39063,6
39065,3
39066,3
39067,5
39068,4
39069,20
39070,106
39071,222
39072,31
39073,39
39074,7
39075,15
39076,32
39078,19
39079,808
39080,5
39081,11
39082,8
39083,15
39084,18
39085,18
39086,55
39088,35
39089,33
39090,56
39091,46
39093,48
39095,25
39096,21
39097,17
39098,22
39099,24
39100,10
39103,30
39104,17
39105,13
39106,70
39107,45
39108,77
39109,23
39110,30
39111,66
39112,54
39113,35
39115,26
39116,25
39118,75
39119,201
39122,110
39123,50
39124,54
39125,33
39126,75
39127,64
39128,9
39129,10
39130,14
39131,13
39132,38
39133,8
39136,15
39137,14
39139,7
39146,26
39147,22
39148,18
39149,44
39150,17
39151,36
39152,34
39153,18
39154,24
39155,34
39156,26
39157,9
39158,23
39159,23
39160,47
39161,17
39162,30
39164,23
39165,57
39167,49
39168,27
39169,31
39170,33
39171,20
39172,19
39173,35
39174,29
39175,41
39176,19
39177,28
39178,24
39179,17
39180,25
39181,24
39184,17
39185,27
39186,17
39187,19
39188,12
39190,19
39191,76
39192,60
39194,62
39195,156
39196,71
39197,81
39198,103
39199,38
39200,47
39201,55
39202,74
39203,70
39204,13
39205,51
39206,39
39208,71
39209,74
39210,25
39212,27
39213,60
39215,52
39216,189
39217,132
39218,145
39220,68
39221,44
39223,35
39224,61
39225,243
39226,123
39227,53
39228,53
39229,70
39230,92
39231,187
39232,48
39233,122
39234,35
39237,23
39239,12
39241,21
39242,40
39243,75
39246,52
39247,43
39248,14
39249,13
39250,13
39251,61
39253,3
39254,80
39256,16
39257,63
39260,10
39262,21
39263,22
39265,53
39266,27
39267,25
39268,17
39269,14
39270,18
39271,17
39272,23
39273,31
39277,17
39278,21
39280,17
39281,23
39283,18
39284,152
39285,102
39286,78
39287,59
39288,39
39292,28
39293,12
39294,43
39295,24
39296,55
39297,27
39299,53
39300,56
39301,40
39302,41
39303,62
39304,29
39305,10
39306,12
39309,52
39312,18
39313,76
39314,45
39316,31
39317,41
39318,46
39319,76
39320,7
39321,12
39322,152
39330,27
39331,12
39332,86
39334,29
39335,33
39336,55
39337,110
39338,54
39339,159
39340,82
39341,205
39342,55
39343,84
39344,179
39345,126
39346,12
39347,8
39348,15
39349,13
39350,12
39351,7
39352,7
39354,12
39355,8
39356,8
39357,6
39358,35
39359,23
39360,58
39362,66
39364,64
39366,25
39367,53
39368,15
39370,93
39371,28
39373,55
39374,9
39376,11
39378,29
39379,14
39380,15
39381,31
39382,7
39383,14
39384,13
39385,31
39386,34
39387,23
39388,88
39389,19
39390,11
39391,38
39392,51
39393,25
39394,13
39395,7
39396,14
39397,17
39398,10
39399,16
39400,14
39401,20
39402,76
39403,10
39409,13
39410,13
39423,23
39424,28
39425,116
39426,157
39427,253
39428,24
39429,24
39430,71
39431,31
39432,35
39433,25
39434,43
39435,18
39436,31
39437,15
39438,15
39439,3
39440,11
39441,10
39442,7
39443,6
39444,54
39445,53
39446,11
39448,233
39450,33
39451,45
39452,23
39458,326
39459,82
39460,150
39461,165
39464,50
39467,16
39468,37
39469,3
39470,4
39471,5
39472,2
39473,6
39475,131
39477,12
39478,30
39479,17
39480,32
39481,44
39482,12
39483,12
39484,6
39485,6
39486,66
39505,17
39506,18
39507,19
39508,29
39510,8
39513,17
39514,18
39516,13
39517,9
39518,44
39519,79
39520,153
39521,157
39532,24
39548,46
39551,60
39552,70
39553,11
39554,22
39556,69
39557,116
39571,33
39572,22
39573,21
39574,33
39575,23
39576,4
39577,2
39578,9
39581,5
39582,3
39583,8
39584,5
39585,5
39586,8
39594,94
39595,30
39596,86
39597,250
39598,31
39606,115
39607,27
39608,46
39609,70
39610,28
39611,41
39612,30
39613,22
39614,29
39615,14
39616,45
39617,41
39618,16
39619,26
39620,39
39621,17
39622,26
39623,19
39624,40
39625,31
39626,11
39627,5
39631,210
39632,11
39633,105
39634,141
39635,23
39636,156
39639,17
39640,12
39641,19
39642,25
39643,13
39644,10
39645,9
39646,42
39647,31
39648,37
39649,18
39650,27
39651,9
39652,11
39653,17
39654,16
39655,22
39656,13
39657,14
39660,25
39661,22
39663,12
39665,22
39668,83
39669,19
39670,65
39671,19
39672,8
39673,10
39674,6
39675,9
39676,13
39677,11
39678,17
39679,17
39680,56
39681,48
39682,60
39683,24
39686,24
39688,7
39690,32
39693,20
39694,41
39695,89
39696,120
39697,69
39698,74
39699,84
39700,33
39701,29
39702,3
39707,36
39708,89
39709,196
39710,2
39711,365
39712,479
39713,4
39714,1
39715,17
39716,32
39717,26
39720,305
39722,15
39723,26
39724,34
39725,21
39726,82
39727,63
39728,57
39729,18
39731,378
39732,7
39733,9
39734,13
39735,6
39736,16
39737,28
39738,14
39739,13
39740,15
39741,7
39742,27
39743,19
39744,61
39745,37
39746,13
39747,8
39748,21
39749,90
39750,105
39751,62
39752,57
39753,184
39754,155
39755,90
39758,65
39759,102
39760,17
39761,21
39762,14
39763,18
39764,82
39765,88
39771,9
39772,6
39773,9
39775,5
39777,9
39778,10
39779,14
39784,82
39785,6
39786,62
39787,7
39788,22
39789,8
39790,26
39791,16
39792,96
39793,25
39795,54
39796,79
39797,2
39799,1
39802,7
39803,11
39804,10
39805,9
39806,4
39807,4
39808,3
39809,2
39810,10
39812,5
39813,1
39814,9
39815,5
39816,8
39817,8
39818,22
39819,12
39820,20
39821,18
39822,30
39824,37
39825,20
39826,14
39827,31
39828,26
39829,29
39831,10
39832,17
39833,18
39834,310
39835,5
39836,16
39837,3
39838,12
39839,29
39840,27
39841,36
39842,10
39843,32
39844,7
39845,2
39846,59
39847,10
39848,8
39849,5
39850,9
39851,4
39852,11
39853,18
39854,4
39855,20
39856,39
39858,1
39859,14
39861,4
39862,14
39863,9
39865,1
39866,1
39867,1
39868,2
39869,5
39870,6
39873,14
39874,8
39875,7
39876,36
39877,3
39882,60
39883,50
39884,62
39885,66
39886,83
39887,86
39889,103
39890,52
39891,55
39892,87
39893,66
39894,8
39896,24
39898,54
39899,51
39900,58
39901,26
39902,21
39903,30
39904,14
39905,25
39906,9
39907,5
39908,7
39909,13
39910,10
39911,148
39912,12
39914,1
39915,5
39916,6
39917,1
39918,19
39919,15
39920,12
39921,1
39925,9
39926,32
39927,36
39928,6
39929,22
39931,77
39933,19
39934,12
39935,6
39936,2
39939,7
39940,71
39941,10
39942,26
39943,3
39944,18
39946,54
39947,4
39948,3
39949,2
39950,10
39951,9
39952,23
39953,825
39954,810
39955,523
39956,634
39957,459
39958,273
39959,414
39960,191
39961,323
39962,222
39963,25
39969,4
39970,9
39971,4
39974,16
39975,19
39977,4
39978,3
39979,5
39980,10
39981,6
39982,13
39983,12
39984,6
39985,15
39986,13
39987,27
39988,24
39989,12
39990,25
39991,32
39992,72
39993,77
39994,8
40000,4
40001,4
40002,11
40003,26
40004,80
40006,2
40009,2
40010,5
40012,14
40013,10
40015,17
40016,33
40017,24
40019,36
40020,39
40021,147
40022,11
40023,36
40024,31
40025,44
40057,10
40058,24
40059,5
40060,8
40061,26
40062,288
40063,8
40064,22
40065,19
40072,25
40073,22
40074,16
40075,29
40076,23
40082,17
40083,20
40084,16
40085,7
40086,17
40087,37
40088,15
40089,28
40090,53
40091,20
40092,21
40102,10
40103,39
40104,25
40105,3
40121,30
40122,52
40123,41
40124,49
40125,31
40126,79
40127,71
40128,127
40130,7
40131,4
40132,6
40133,2
40135,27
40136,91
40137,47
40138,42
40139,78
40140,196
40141,25
40142,42
40143,77
40144,55
40145,109
40146,33
40147,124
40148,52
40149,208
40150,104
40151,22
40152,85
40153,17
40154,57
40155,68
40156,51
40157,11
40167,67
40168,5
40170,4
40171,8
40172,24
40173,33
40174,17
40175,18
40177,26
40178,51
40179,50
40180,81
40181,35
40182,7
40183,29
40185,51
40186,106
40187,38
40188,47
40189,45
40190,21
40191,32
40192,22
40193,56
40194,82
40195,54
40196,41
40197,24
40198,14
40199,3
40200,6
40201,4
40202,14
40203,30
40204,3
40205,9
40206,40
40207,37
40208,156
40209,113
40210,54
40211,4
40212,7
40214,20
40215,14
40216,28
40217,9
40219,1
40220,3
40221,5
40222,1
40223,16
40224,7
40225,14
40226,5
40227,8
40228,15
40229,9
40230,7
40232,12
40233,12
40234,9
40237,4
40238,8
40239,12
40240,5
40241,6
40243,4
40244,1
40245,3
40246,8
40247,14
40248,6
40249,7
40250,4
40251,5
40252,4
40253,9
40257,36
40258,2
40263,10
40264,16
40265,2
40266,1
40267,4
40272,1
40273,2
40274,4
40275,39
40276,16
40279,8
40280,18
40281,33
40282,1
40283,3
40287,2
40290,1
40291,2
40292,3
40293,3
40294,4
40295,6
40296,7
40299,166
40307,3
40308,6
40309,1
40310,5
40311,5
40312,2
40313,5
40314,3
40316,4
40317,3
40318,7
40320,3
40321,3
40322,3
40324,5
40326,32
40327,27
40328,7
40329,20
40330,43
40331,28
40332,20
40333,15
40334,10
40335,7
40338,43
40339,1
40340,4
40341,1
40342,9
40343,2
40344,49
40345,3
40346,2
40347,2
40348,3
40349,8
40350,9
40351,6
40352,14
40353,1
40354,30
40355,9
40356,7
40357,4
40358,5
40359,10
40360,5
40361,3
40362,6
40363,1
40364,2
40365,2
40367,4
40369,1
40381,1
40382,1
40388,11
40389,5
40391,6
40392,6
40393,1
40394,7
40395,15
40396,16
40397,4
40398,8
40399,10
40400,3
40402,1
40403,1
40404,1
40405,2
40406,9
40407,16
40408,5
40409,9
40410,11
40411,4
40412,3
40413,5
40414,4
40416,7
40417,2
40418,2
40420,2
40421,2
40426,4
40427,1
40428,2
40431,1
40434,5
40435,5
40441,1
40450,3
40451,6
40453,2
40468,1
40469,2
40473,2
40474,5
40475,1
40476,3
40477,6
40479,4
40480,4
40481,4
40482,2
40483,3
40484,1
40485,1
40486,1
40487,1
40489,1
40490,1
40492,1
40494,2
40495,4
40496,5
40497,1
40498,1
40503,1
40505,4
40510,2
40511,1
40514,1
40525,10
40526,8
40527,5
40528,9
40529,1
40530,5
